pFromPort,pToPort,pFlight,pPrice,pAirline,pZipCode,pAddress,pCity,pNameOnCard,pCreditCardNo,pCardType,pCreditCardMonth,pState,pCreditCardYear,pInputName
Boston,London,234,432.98,United Airlines,135793,Park Street,New York,Supriya J,123456,visa,10,Russia,2021,Supriya
Portland,Rome,43,472.56,Virgin America,246813,Solar Space,France,Amruta S,789456,American Express,12,Paris,2020,Amruta
,,,,,,,,,,,,,,
,,,,,,,,,,,,,,
,,,,,,,,,,,,,,
,,,,,,,,,,,,,,
,,,,,,,,,,,,,,
,,,,,,,,,,,,,,
,,,,,,,,,,,,,,
,,,,,,,,,,,,,,
,,,,,,,,,,,,,,
,,,,,,,,,,,,,,
,,,,,,,,,,,,,,
,,,,,,,,,,,,,,
,,,,,,,,,,,,,,
,,,,,,,,,,,,,,
,,,,,,,,,,,,,,
,,,,,,,,,,,,,,
,,,,,,,,,,,,,,
